any_selected_count,attack,attack_state,audit_truth,backup_selected_count,below_threshold,group,oracle,period,primary_selected_count,reputation
37,ME,base,0.6,0,False,attacked,4,1,37,0.5676642371652081
13,ME,base,0.4,0,False,attacked,19,1,13,0.47546
0,ME,base,0.5,0,False,attacked,29,1,0,0.5
25,ME,reference,0.5,25,False,trusted_reference,3,1,0,0.4623607874739525
23,ME,reference,0.5,13,False,trusted_reference,14,1,10,0.4696199999999999
0,ME,reference,0.5,0,False,trusted_reference,24,1,0,0.5
2,ME,base,0.6,0,False,attacked,4,2,2,0.6062054762109519
19,ME,base,0.4,0,True,attacked,19,2,19,0.2583235752802317
22,ME,base,0.4,0,True,attacked,29,2,22,0.44605999999999996
2,ME,reference,0.5,2,False,trusted_reference,3,2,0,0.5043408115190138
4,ME,reference,0.42857142857142855,4,True,trusted_reference,14,2,0,0.4457452285714285
11,ME,reference,0.46153846153846156,11,False,trusted_reference,24,2,0,0.47880153846153845
6,ME,malicious,0.42857142857142855,0,True,attacked,4,3,6,0.1932594496659435
0,ME,malicious,0.4,0,True,attacked,19,3,0,0.2607225518873135
0,ME,malicious,0.4,0,True,attacked,29,3,0,0.4372693999999999
10,ME,reference,0.5333333333333333,10,False,trusted_reference,3,3,0,0.528844466615487
0,ME,reference,0.42857142857142855,0,True,trusted_reference,14,3,0,0.4474865905714285
29,ME,reference,0.6666666666666666,0,False,trusted_reference,24,3,29,0.6061813446258068
0,ME,malicious,0.42857142857142855,0,True,attacked,4,4,0,0.23582455890774082
0,ME,malicious,0.4,0,True,attacked,19,4,0,0.2909380504247836
0,ME,malicious,0.4,0,True,attacked,29,4,0,0.43296200599999995
4,ME,reference,0.5333333333333333,4,False,trusted_reference,3,4,0,0.5237461535574729
0,ME,reference,0.42857142857142855,0,True,trusted_reference,14,4,0,0.4483398579514285
18,ME,reference,0.56,4,True,trusted_reference,24,4,14,0.3013661100274319
0,ME,malicious,0.42857142857142855,0,True,attacked,4,5,0,0.28572146243622154
0,ME,malicious,0.4,0,True,attacked,19,5,0,0.33478364470814387
0,ME,malicious,0.4,0,True,attacked,29,5,0,0.4308513829399999
11,ME,reference,0.4444444444444444,11,True,trusted_reference,3,5,0,0.25673130150706885
0,ME,reference,0.42857142857142855,0,True,trusted_reference,14,5,0,0.4487579589676285
0,ME,reference,0.56,0,True,trusted_reference,24,5,0,0.32198539391344166
0,ME,malicious,0.42857142857142855,0,True,attacked,4,6,0,0.33921094516517714
4,ME,malicious,0.3,0,True,attacked,19,6,4,0.025133385183273044
0,ME,malicious,0.4,0,True,attacked,29,6,0,0.42981717764059996
0,ME,reference,0.4444444444444444,0,True,trusted_reference,3,6,0,0.27994767107179697
23,ME,reference,0.5555555555555556,4,False,trusted_reference,14,6,19,0.5460647332274712
0,ME,reference,0.56,0,True,trusted_reference,24,6,0,0.3611288430175863
52,ME,malicious,0.18181818181818182,0,True,attacked,4,7,52,0.0
0,ME,malicious,0.3,0,True,attacked,19,7,0,0.10096335873980378
0,ME,malicious,0.4,0,True,attacked,29,7,0,0.42931041704389394
52,ME,reference,0.4,52,True,trusted_reference,3,7,0,0.08863576449367758
8,ME,reference,0.5555555555555556,2,False,trusted_reference,14,7,6,0.5721383859481275
0,ME,reference,0.56,0,True,trusted_reference,24,7,0,0.4093491330786173
3,ME,malicious,0.18181818181818182,0,True,attacked,4,8,3,0.0
0,ME,malicious,0.3,0,True,attacked,19,8,0,0.16716004578250382
12,ME,malicious,0.17391304347826086,0,True,attacked,29,8,12,0.0
3,ME,reference,0.4,3,True,trusted_reference,3,8,0,0.1847124051835396
35,ME,reference,0.5454545454545454,2,False,trusted_reference,14,8,33,0.5368709059672159
29,ME,reference,0.4827586206896552,29,True,trusted_reference,24,8,0,0.2234828067803002
21,ME,malicious,0.14285714285714285,0,True,attacked,4,9,21,0.0
7,ME,malicious,0.24,0,True,attacked,19,9,7,0.0
0,ME,malicious,0.17391304347826086,0,True,attacked,29,9,0,0.011915652173913022
21,ME,reference,0.4,21,True,trusted_reference,3,9,0,0.23335881767036917
39,ME,reference,0.48,7,False,trusted_reference,14,9,32,0.4756015490180019
0,ME,reference,0.4827586206896552,0,True,trusted_reference,24,9,0,0.2577199546326919
0,ME,malicious,0.14285714285714285,0,True,attacked,4,10,0,0.0
35,ME,malicious,0.13953488372093023,0,True,attacked,19,10,35,0.0
0,ME,malicious,0.17391304347826086,0,True,attacked,29,10,0,0.07630510434782607
0,ME,reference,0.4,0,True,trusted_reference,3,10,0,0.30221382065848085
60,ME,reference,0.46153846153846156,35,True,trusted_reference,14,10,25,0.44050868073100174
3,ME,reference,0.4827586206896552,3,True,trusted_reference,24,10,0,0.3182361570803638
23,ME,malicious,0.11538461538461539,0,True,attacked,4,11,23,0.0
29,ME,malicious,0.11320754716981132,0,True,attacked,19,11,29,0.0
0,ME,malicious,0.17391304347826086,0,True,attacked,29,11,0,0.13689593591304347
23,ME,reference,0.375,23,True,trusted_reference,3,11,0,0.09142831167165408
29,ME,reference,0.4444444444444444,29,True,trusted_reference,14,11,0,0.4496060703699275
8,ME,reference,0.45161290322580644,8,True,trusted_reference,24,11,0,0.36169171884802614
37,ME,malicious,0.1,0,True,attacked,4,12,37,0.0
4,ME,malicious,0.11320754716981132,0,True,attacked,19,12,4,0.0
11,ME,malicious,0.12903225806451613,0,True,attacked,29,12,11,0.0
37,ME,reference,0.3181818181818182,37,True,trusted_reference,3,12,0,0.0108487631028832
4,ME,reference,0.42857142857142855,4,False,trusted_reference,14,12,0,0.48232506971935973
19,ME,reference,0.4117647058823529,19,True,trusted_reference,24,12,0,0.21603384546133925
11,ME,malicious,0.09375,0,True,attacked,4,13,11,0.0
0,ME,malicious,0.11320754716981132,0,True,attacked,19,13,0,0.03807584905660379
33,ME,malicious,0.10256410256410256,0,True,attacked,29,13,33,0.0
11,ME,reference,0.3181818181818182,11,True,trusted_reference,3,13,0,0.0996206058253455
16,ME,reference,0.42857142857142855,0,False,trusted_reference,14,13,16,0.5055681944224051
49,ME,reference,0.38095238095238093,49,True,trusted_reference,24,13,0,0.10198101945665365
0,ME,malicious,0.09375,0,True,attacked,4,14,0,0.0
0,ME,malicious,0.11320754716981132,0,True,attacked,19,14,0,0.10774350566037735
60,ME,malicious,0.06349206349206349,0,True,attacked,29,14,60,0.0
0,ME,reference,0.3181818181818182,0,True,trusted_reference,3,14,0,0.17068209685441926
0,ME,reference,0.42857142857142855,0,False,trusted_reference,14,14,0,0.476799843838407
60,ME,reference,0.4,60,True,trusted_reference,24,14,0,0.06433058356533326
37,ME,malicious,0.07894736842105263,0,True,attacked,4,15,37,0.0
0,ME,malicious,0.11320754716981132,0,True,attacked,19,15,0,0.1709206573962264
15,ME,malicious,0.06349206349206349,0,True,attacked,29,15,15,0.0
37,ME,reference,0.2857142857142857,37,True,trusted_reference,3,15,0,0.0
8,ME,reference,0.4666666666666667,0,False,trusted_reference,14,15,8,0.5115319234808194
23,ME,reference,0.36666666666666664,23,True,trusted_reference,24,15,0,0.12444000000000002
19,ME,malicious,0.07407407407407407,0,True,attacked,4,16,19,0.0
32,ME,malicious,0.09375,0,True,attacked,19,16,32,0.0
0,ME,malicious,0.06349206349206349,0,True,attacked,29,16,0,0.0
19,ME,reference,0.2857142857142857,19,True,trusted_reference,3,16,0,0.04299428571428568
41,ME,reference,0.3902439024390244,32,True,trusted_reference,14,16,9,0.15573957345631828
9,ME,reference,0.3492063492063492,9,True,trusted_reference,24,16,0,0.10216029264069265
19,ME,malicious,0.06382978723404255,0,True,attacked,4,17,19,0.0
11,ME,malicious,0.08955223880597014,0,True,attacked,19,17,11,0.0
30,ME,malicious,0.04819277108433735,0,True,attacked,29,17,30,0.0
19,ME,reference,0.2857142857142857,19,True,trusted_reference,3,17,0,0.08732262209726889
11,ME,reference,0.4489795918367347,11,True,trusted_reference,14,17,0,0.2468519212981142
30,ME,reference,0.36363636363636365,30,True,trusted_reference,24,17,0,0.1832902555151515
45,ME,malicious,0.057692307692307696,0,True,attacked,4,18,45,0.0
0,ME,malicious,0.08955223880597014,0,True,attacked,19,18,0,0.0
15,ME,malicious,0.043010752688172046,0,True,attacked,29,18,15,0.0
45,ME,reference,0.25,45,True,trusted_reference,3,18,0,0.0
0,ME,reference,0.4489795918367347,0,True,trusted_reference,14,18,0,0.2912730332728106
15,ME,reference,0.39436619718309857,15,True,trusted_reference,24,18,0,0.2781482050171413
29,ME,malicious,0.05042016806722689,0,True,attacked,4,19,29,0.0
0,ME,malicious,0.08955223880597014,0,True,attacked,19,19,0,0.05156796716417907
31,ME,malicious,0.03669724770642202,0,True,attacked,29,19,31,0.0
29,ME,reference,0.23880597014925373,29,True,trusted_reference,3,19,0,0.0
0,ME,reference,0.4489795918367347,0,True,trusted_reference,14,19,0,0.3420793781404119
31,ME,reference,0.410958904109589,31,True,trusted_reference,24,19,0,0.3650891309653001
0,ME,malicious,0.05042016806722689,0,True,attacked,4,20,0,0.0
0,ME,malicious,0.08955223880597014,0,True,attacked,19,20,0,0.11012376659701487
60,ME,malicious,0.031496062992125984,0,True,attacked,29,20,60,0.0
0,ME,reference,0.23880597014925373,0,True,trusted_reference,3,20,0,0.08000717706955521
0,ME,reference,0.4489795918367347,0,True,trusted_reference,14,20,0,0.39601448712553655
60,ME,reference,0.3953488372093023,60,True,trusted_reference,24,20,0,0.09911551259822111
34,ME,malicious,0.03870967741935484,0,True,attacked,4,21,34,0.0
18,ME,malicious,0.075,0,True,attacked,19,21,18,0.0
8,ME,malicious,0.03007518796992481,0,True,attacked,29,21,8,0.0
34,ME,reference,0.2077922077922078,34,True,trusted_reference,3,21,0,0.0
18,ME,reference,0.48148148148148145,18,False,trusted_reference,14,21,0,0.4897946942751866
8,ME,reference,0.3953488372093023,8,True,trusted_reference,24,21,0,0.20959316755497104
56,ME,malicious,0.030612244897959183,0,True,attacked,4,22,56,0.0
0,ME,malicious,0.075,0,True,attacked,19,22,0,0.0
0,ME,malicious,0.03007518796992481,0,True,attacked,29,22,0,0.0
56,ME,reference,0.18181818181818182,56,True,trusted_reference,3,22,0,0.0
4,ME,reference,0.48148148148148145,0,False,trusted_reference,14,22,4,0.5372771779726191
4,ME,reference,0.3953488372093023,4,True,trusted_reference,24,22,0,0.31368028000891257
30,ME,malicious,0.027649769585253458,0,True,attacked,4,23,30,0.0
23,ME,malicious,0.06976744186046512,0,True,attacked,19,23,23,0.0
6,ME,malicious,0.03007518796992481,0,True,attacked,29,23,6,0.0
30,ME,reference,0.1935483870967742,30,True,trusted_reference,3,23,0,0.0
24,ME,reference,0.45614035087719296,23,True,trusted_reference,14,23,1,0.29923346453002014
7,ME,reference,0.3953488372093023,7,True,trusted_reference,24,23,0,0.35288963177801047
47,ME,malicious,0.02666666666666667,0,True,attacked,4,24,47,0.0
0,ME,malicious,0.06976744186046512,0,True,attacked,19,24,0,0.0
13,ME,malicious,0.02857142857142857,0,True,attacked,29,24,13,0.0
47,ME,reference,0.20754716981132076,47,True,trusted_reference,3,24,0,0.0
0,ME,reference,0.45614035087719296,0,True,trusted_reference,14,24,0,0.30985934498813084
13,ME,reference,0.3953488372093023,13,True,trusted_reference,24,24,0,0.41747554747820187
13,ME,malicious,0.02666666666666667,0,True,attacked,4,25,13,0.0
22,ME,malicious,0.058823529411764705,0,True,attacked,19,25,22,0.0
25,ME,malicious,0.027972027972027972,0,True,attacked,29,25,25,0.0
13,ME,reference,0.2037037037037037,13,True,trusted_reference,3,25,0,0.010342722994976628
22,ME,reference,0.4745762711864407,22,True,trusted_reference,14,25,0,0.37819279139077205
25,ME,reference,0.4090909090909091,25,True,trusted_reference,24,25,0,0.44528497602280553
25,ME,malicious,0.02586206896551724,0,True,attacked,4,26,25,0.0
9,ME,malicious,0.058823529411764705,0,True,attacked,19,26,9,0.0
26,ME,malicious,0.026143790849673203,0,True,attacked,29,26,26,0.0
25,ME,reference,0.2037037037037037,25,True,trusted_reference,3,26,0,0.05583101518502212
9,ME,reference,0.4745762711864407,9,True,trusted_reference,14,26,0,0.4182503678161631
26,ME,reference,0.3877551020408163,26,True,trusted_reference,24,26,0,0.14681764227444882
4,ME,malicious,0.025423728813559324,0,True,attacked,4,27,4,0.0
55,ME,malicious,0.041379310344827586,0,True,attacked,19,27,55,0.0
1,ME,malicious,0.026143790849673203,0,True,attacked,29,27,1,0.0
4,ME,reference,0.21818181818181817,4,True,trusted_reference,3,27,0,0.15880948026894365
55,ME,reference,0.46153846153846156,55,True,trusted_reference,14,27,0,0.19423528991319372
1,ME,reference,0.3838383838383838,1,True,trusted_reference,24,27,0,0.19445022047205562
0,ME,malicious,0.025423728813559324,0,True,attacked,4,28,0,0.0
60,ME,malicious,0.03333333333333333,0,True,attacked,19,28,60,0.0
0,ME,malicious,0.026143790849673203,0,True,attacked,29,28,0,0.0
0,ME,reference,0.21818181818181817,0,True,trusted_reference,3,28,0,0.23598464533178234
60,ME,reference,0.379746835443038,60,True,trusted_reference,14,28,0,0.05454984094466783
0,ME,reference,0.3838383838383838,0,True,trusted_reference,24,28,0,0.23662594136464052
0,ME,malicious,0.025423728813559324,0,True,attacked,4,29,0,0.01634960338983049
60,ME,malicious,0.028037383177570093,0,True,attacked,19,29,60,0.0
0,ME,malicious,0.026143790849673203,0,True,attacked,29,29,0,0.024145729411764683
0,ME,reference,0.21818181818181817,0,True,trusted_reference,3,29,0,0.27088047621257333
60,ME,reference,0.3409090909090909,60,True,trusted_reference,14,29,0,0.06105834557777669
0,ME,reference,0.3838383838383838,0,True,trusted_reference,24,29,0,0.2863320446020072
11,ME,malicious,0.025423728813559324,0,True,attacked,4,30,11,0.0
9,ME,malicious,0.026905829596412557,0,True,attacked,19,30,9,0.0
40,ME,malicious,0.026143790849673203,0,True,attacked,29,30,40,0.0
11,ME,reference,0.21818181818181817,11,True,trusted_reference,3,30,0,0.291085279498007
9,ME,reference,0.3409090909090909,9,True,trusted_reference,14,30,0,0.19277331660583785
40,ME,reference,0.41904761904761906,40,True,trusted_reference,24,30,0,0.38056455471155154
20,ME,malicious,0.02459016393442623,0,True,attacked,4,31,20,0.0
30,ME,malicious,0.025,0,True,attacked,19,31,30,0.0
10,ME,malicious,0.02564102564102564,0,True,attacked,29,31,10,0.03330979132437586
20,ME,reference,0.22413793103448276,20,True,trusted_reference,3,31,0,0.2013659495585925
30,ME,reference,0.3655913978494624,30,True,trusted_reference,14,31,0,0.24827691734220325
10,ME,reference,0.42990654205607476,10,False,trusted_reference,24,31,0,0.46917601827416877
4,ME,malicious,0.02459016393442623,0,True,attacked,4,32,4,0.0
54,ME,malicious,0.023255813953488372,0,True,attacked,19,32,54,0.0
2,ME,malicious,0.02564102564102564,2,True,attacked,29,32,0,0.01854695565900343
4,ME,reference,0.22033898305084745,4,True,trusted_reference,3,32,0,0.24616628569345794
54,ME,reference,0.33663366336633666,54,True,trusted_reference,14,32,0,0.04409316831683169
2,ME,reference,0.42990654205607476,0,False,trusted_reference,24,32,2,0.4962023237206978
32,ME,malicious,0.023715415019762844,0,True,attacked,4,33,32,0.0
3,ME,malicious,0.023255813953488372,0,True,attacked,19,33,3,0.0
25,ME,malicious,0.023809523809523808,11,True,attacked,29,33,14,0.0
32,ME,reference,0.2222222222222222,32,True,trusted_reference,3,33,0,0.0
3,ME,reference,0.33663366336633666,3,True,trusted_reference,14,33,0,0.16281167227722776
25,ME,reference,0.4107142857142857,14,True,trusted_reference,24,33,11,0.4079182737662957
60,ME,malicious,0.02097902097902098,0,True,attacked,4,34,60,0.0
0,ME,malicious,0.023255813953488372,0,True,attacked,19,34,0,0.0
0,ME,malicious,0.023809523809523808,0,True,attacked,29,34,0,0.0
60,ME,reference,0.2,60,True,trusted_reference,3,34,0,0.0
0,ME,reference,0.33663366336633666,0,True,trusted_reference,14,34,0,0.20592373921782173
0,ME,reference,0.4107142857142857,0,True,trusted_reference,24,34,0,0.4224692398597706
29,ME,malicious,0.020066889632107024,0,True,attacked,4,35,29,0.0
0,ME,malicious,0.023255813953488372,0,True,attacked,19,35,0,0.024827288372093026
31,ME,malicious,0.02127659574468085,0,True,attacked,29,35,31,0.0
29,ME,reference,0.1910828025477707,29,True,trusted_reference,3,35,0,0.0
0,ME,reference,0.33663366336633666,0,True,trusted_reference,14,35,0,0.25608865201871284
31,ME,reference,0.42105263157894735,31,True,trusted_reference,24,35,0,0.4456541944055924
2,ME,malicious,0.020066889632107024,0,True,attacked,4,36,2,0.0
35,ME,malicious,0.021352313167259787,0,True,attacked,19,36,35,0.0
23,ME,malicious,0.02,0,True,attacked,29,36,23,0.0
2,ME,reference,0.1910828025477707,2,True,trusted_reference,3,36,0,0.06762222929936304
35,ME,reference,0.3364485981308411,35,True,trusted_reference,14,36,0,0.2809253475238581
23,ME,reference,0.423728813559322,23,True,trusted_reference,24,36,0,0.4156975133318892
5,ME,malicious,0.019736842105263157,0,True,attacked,4,37,5,0.0
13,ME,malicious,0.02097902097902098,0,True,attacked,19,37,13,0.0
42,ME,malicious,0.017316017316017316,0,True,attacked,29,37,42,0.0
5,ME,reference,0.1910828025477707,5,True,trusted_reference,3,37,0,0.16959394968152863
13,ME,reference,0.3364485981308411,13,True,trusted_reference,14,37,0,0.3661700955142735
42,ME,reference,0.4262295081967213,42,True,trusted_reference,24,37,0,0.41434481084251695
1,ME,malicious,0.019736842105263157,0,True,attacked,4,38,1,0.0
48,ME,malicious,0.02027027027027027,0,True,attacked,19,38,48,0.0
11,ME,malicious,0.016597510373443983,0,True,attacked,29,38,11,0.0
1,ME,reference,0.1910828025477707,1,True,trusted_reference,3,38,0,0.22060009266878977
48,ME,reference,0.3486238532110092,48,True,trusted_reference,14,38,0,0.3896284787896402
11,ME,reference,0.42276422764227645,11,True,trusted_reference,24,38,0,0.44403220647470704
1,ME,malicious,0.019736842105263157,0,True,attacked,4,39,1,0.0
31,ME,malicious,0.0196078431372549,0,True,attacked,19,39,31,0.0
28,ME,malicious,0.015748031496062992,0,True,attacked,29,39,28,0.0
1,ME,reference,0.1910828025477707,1,True,trusted_reference,3,39,0,0.27463310273254765
31,ME,reference,0.35,31,True,trusted_reference,14,39,0,0.12485267295394699
28,ME,reference,0.4375,28,False,trusted_reference,24,39,0,0.4526432368364387
41,ME,malicious,0.01892744479495268,0,True,attacked,4,40,41,0.0
19,ME,malicious,0.018292682926829267,0,True,attacked,19,40,19,0.0
0,ME,malicious,0.015748031496062992,0,True,attacked,29,40,0,0.0
41,ME,reference,0.1927710843373494,41,True,trusted_reference,3,40,0,0.0
19,ME,reference,0.34146341463414637,19,True,trusted_reference,14,40,0,0.08544615121084867
0,ME,reference,0.4375,0,False,trusted_reference,24,40,0,0.45410768604985496
39,ME,malicious,0.017964071856287425,0,True,attacked,4,41,39,0.0
21,ME,malicious,0.017391304347826087,0,True,attacked,19,41,21,0.0
0,ME,malicious,0.015748031496062992,0,True,attacked,29,41,0,0.0
39,ME,reference,0.1797752808988764,39,True,trusted_reference,3,41,0,0.0
21,ME,reference,0.3387096774193548,21,True,trusted_reference,14,41,0,0.14406638129341506
0,ME,reference,0.4375,0,False,trusted_reference,24,41,0,0.454825266164429
60,ME,malicious,0.017191977077363897,0,True,attacked,4,42,60,0.0
0,ME,malicious,0.017391304347826087,0,True,attacked,19,42,0,0.0
0,ME,malicious,0.015748031496062992,0,True,attacked,29,42,0,0.01871534200000001
60,ME,reference,0.16326530612244897,60,True,trusted_reference,3,42,0,0.0
0,ME,reference,0.3387096774193548,0,True,trusted_reference,14,42,0,0.19410413973699914
0,ME,reference,0.4375,0,False,trusted_reference,24,42,0,0.45517688042057014
53,ME,malicious,0.015625,0,True,attacked,4,43,53,0.0
5,ME,malicious,0.017391304347826087,0,True,attacked,19,43,5,0.0
2,ME,malicious,0.015748031496062992,2,True,attacked,29,43,0,0.02159305301307086
53,ME,reference,0.16037735849056603,53,True,trusted_reference,3,43,0,0.0
5,ME,reference,0.3387096774193548,5,True,trusted_reference,14,43,0,0.2981300955149746
2,ME,reference,0.43410852713178294,0,False,trusted_reference,24,43,2,0.4766495202432887
13,ME,malicious,0.015345268542199489,0,True,attacked,4,44,13,0.0
0,ME,malicious,0.017391304347826087,0,True,attacked,19,44,0,0.010289565217391307
47,ME,malicious,0.014336917562724014,40,True,attacked,29,44,7,0.0
13,ME,reference,0.16822429906542055,13,True,trusted_reference,3,44,0,0.026008226629452194
0,ME,reference,0.3387096774193548,0,True,trusted_reference,14,44,0,0.3276753597055633
47,ME,reference,0.43609022556390975,7,True,trusted_reference,24,44,40,0.44571032646843334
28,ME,malicious,0.01485148514851485,0,True,attacked,4,45,28,0.0
32,ME,malicious,0.016901408450704224,0,True,attacked,19,45,32,0.0
0,ME,malicious,0.014336917562724014,0,True,attacked,29,45,0,0.0
28,ME,reference,0.17592592592592593,28,True,trusted_reference,3,45,0,0.05358480328269945
32,ME,reference,0.33070866141732286,32,True,trusted_reference,14,45,0,0.14934662136215604
0,ME,reference,0.43609022556390975,0,False,trusted_reference,24,45,0,0.4501988118492315
5,ME,malicious,0.014742014742014743,0,True,attacked,4,46,5,0.0
53,ME,malicious,0.015424164524421594,0,True,attacked,19,46,53,0.0
2,ME,malicious,0.014336917562724014,2,True,attacked,29,46,0,0.0
5,ME,reference,0.17592592592592593,5,True,trusted_reference,3,46,0,0.1676736647196338
53,ME,reference,0.33093525179856115,53,True,trusted_reference,14,46,0,0.046680400848519474
2,ME,reference,0.43609022556390975,0,False,trusted_reference,24,46,2,0.48914816968582264
0,ME,malicious,0.014742014742014743,0,True,attacked,4,47,0,0.0
60,ME,malicious,0.013544018058690745,0,True,attacked,19,47,60,0.0
0,ME,malicious,0.014336917562724014,0,True,attacked,29,47,0,0.0
0,ME,reference,0.17592592592592593,0,True,trusted_reference,3,47,0,0.22111720682373165
60,ME,reference,0.3087248322147651,60,True,trusted_reference,14,47,0,0.023041873982902097
0,ME,reference,0.43609022556390975,0,False,trusted_reference,24,47,0,0.4714833550257522
4,ME,malicious,0.014742014742014743,0,True,attacked,4,48,4,0.0
46,ME,malicious,0.012396694214876033,0,True,attacked,19,48,46,0.0
10,ME,malicious,0.014336917562724014,10,True,attacked,29,48,0,0.0
4,ME,reference,0.1834862385321101,4,True,trusted_reference,3,48,0,0.3078845971928023
46,ME,reference,0.3246753246753247,46,True,trusted_reference,14,48,0,0.0855338338247307
10,ME,reference,0.43609022556390975,0,False,trusted_reference,24,48,10,0.5118275958423177
20,ME,malicious,0.014457831325301205,0,True,attacked,4,49,20,0.0
31,ME,malicious,0.012269938650306749,0,True,attacked,19,49,31,0.0
9,ME,malicious,0.014336917562724014,9,True,attacked,29,49,0,0.007311827956989247
20,ME,reference,0.1891891891891892,20,True,trusted_reference,3,49,0,0.26429636873873286
31,ME,reference,0.325,31,True,trusted_reference,14,49,0,0.14470151567813255
9,ME,reference,0.4444444444444444,0,False,trusted_reference,24,49,9,0.5202660163805984
0,ME,malicious,0.014457831325301205,0,True,attacked,4,50,0,0.0
50,ME,malicious,0.011516314779270634,0,True,attacked,19,50,50,0.0
10,ME,malicious,0.014184397163120567,10,True,attacked,29,50,0,0.0
0,ME,reference,0.1891891891891892,0,True,trusted_reference,3,50,0,0.27168089635765474
50,ME,reference,0.32335329341317365,50,True,trusted_reference,14,50,0,0.034959956304196516
10,ME,reference,0.45255474452554745,0,False,trusted_reference,24,50,10,0.506149934401189
29,OOA,base,0.7142857142857143,0,False,attacked,4,1,29,0.6499952304147465
4,OOA,base,0.5,0,False,attacked,19,1,4,0.5489999999999999
27,OOA,base,0.5,0,False,attacked,29,1,27,0.5224049133148524
11,OOA,reference,0.46153846153846156,11,True,trusted_reference,3,1,0,0.23632057345672178
4,OOA,reference,0.5,4,False,trusted_reference,14,1,0,0.5245
27,OOA,reference,0.5,27,False,trusted_reference,24,1,0,0.5329482758620689
22,OOA,base,0.7142857142857143,0,False,attacked,4,2,22,0.6507878228093904
20,OOA,base,0.5,0,False,attacked,19,2,20,0.5568751714302047
18,OOA,base,0.5,0,False,attacked,29,2,18,0.5477284075242776
0,OOA,reference,0.46153846153846156,0,True,trusted_reference,3,2,0,0.2611475425322552
20,OOA,reference,0.6,20,False,trusted_reference,14,2,0,0.5748105509552571
18,OOA,reference,0.4444444444444444,18,False,trusted_reference,24,2,0,0.49614132183908033
8,OOA,malicious,0.7142857142857143,0,False,attacked,4,3,8,0.566138397399265
6,OOA,malicious,0.36363636363636365,0,True,attacked,19,3,6,0.12741212992851825
32,OOA,malicious,0.3076923076923077,0,True,attacked,29,3,32,0.06407185809047101
0,OOA,reference,0.46153846153846156,0,True,trusted_reference,3,3,0,0.3023527573792666
15,OOA,reference,0.6666666666666666,6,False,trusted_reference,14,3,9,0.6451494503397115
31,OOA,reference,0.42857142857142855,31,False,trusted_reference,24,3,0,0.46139944828643054
0,OOA,honest,0.7142857142857143,0,False,attacked,4,4,0,0.610193529011354
0,OOA,honest,0.36363636363636365,0,True,attacked,19,4,0,0.17321194366497392
0,OOA,honest,0.3076923076923077,0,True,attacked,29,4,0,0.12573951815663853
0,OOA,reference,0.46153846153846156,0,True,trusted_reference,3,4,0,0.3515833126543021
60,OOA,reference,0.6956521739130435,0,False,trusted_reference,14,4,60,0.6108816697500544
0,OOA,reference,0.42857142857142855,0,False,trusted_reference,24,4,0,0.4551571582317795
0,OOA,honest,0.7142857142857143,0,False,attacked,4,5,0,0.6317805435012778
0,OOA,honest,0.36363636363636365,0,True,attacked,19,5,0,0.22469385239583717
0,OOA,honest,0.3076923076923077,0,True,attacked,29,5,0,0.18499667158906052
0,OOA,reference,0.46153846153846156,0,True,trusted_reference,3,5,0,0.4047462847390696
38,OOA,reference,0.6428571428571429,0,True,trusted_reference,14,5,38,0.37978146674968394
5,OOA,reference,0.375,0,True,trusted_reference,24,5,5,0.4268044616741911
26,OOA,honest,0.75,5,False,attacked,4,6,21,0.7010545579449787
10,OOA,honest,0.36363636363636365,0,True,attacked,19,6,10,0.3268974566451305
0,OOA,honest,0.3076923076923077,0,True,attacked,29,6,0,0.24307267677094735
0,OOA,reference,0.46153846153846156,0,True,trusted_reference,3,6,0,0.44759614106060563
10,OOA,reference,0.6,10,True,trusted_reference,14,6,0,0.3636583876785154
0,OOA,reference,0.375,0,True,trusted_reference,24,6,0,0.4187591862203536
38,OOA,honest,0.6666666666666666,0,False,attacked,4,7,38,0.6487267333930395
6,OOA,honest,0.36363636363636365,0,True,attacked,19,7,6,0.4132047537561139
0,OOA,honest,0.3076923076923077,0,True,attacked,29,7,0,0.3005699193100719
0,OOA,reference,0.46153846153846156,0,False,trusted_reference,3,7,0,0.4603605706581583
6,OOA,reference,0.6,6,False,trusted_reference,14,7,0,0.45022560996247246
0,OOA,reference,0.375,0,True,trusted_reference,24,7,0,0.4148170012479732
49,OOA,honest,0.5384615384615384,16,False,attacked,4,8,33,0.4722549107552101
5,OOA,honest,0.46153846153846156,0,False,attacked,19,8,5,0.5182403992705658
0,OOA,honest,0.3076923076923077,0,True,attacked,29,8,0,0.3387435681542429
17,OOA,reference,0.4,17,True,trusted_reference,3,8,0,0.38414900198979746
19,OOA,reference,0.5625,4,True,trusted_reference,14,8,15,0.4444935488816114
0,OOA,reference,0.375,0,True,trusted_reference,24,8,0,0.41288533061150684
18,OOA,malicious,0.3181818181818182,0,True,attacked,4,9,18,0.0
26,OOA,malicious,0.3333333333333333,2,True,attacked,19,9,24,0.0711345389485779
0,OOA,malicious,0.3076923076923077,0,True,attacked,29,9,0,0.35117665608788673
16,OOA,reference,0.42105263157894735,16,True,trusted_reference,3,9,0,0.3889167915551298
5,OOA,reference,0.5454545454545454,5,False,trusted_reference,14,9,0,0.48623161127442693
0,OOA,reference,0.375,0,True,trusted_reference,24,9,0,0.41193881199963833
15,OOA,honest,0.28,0,True,attacked,4,10,15,0.1289863980186944
0,OOA,honest,0.3333333333333333,0,True,attacked,19,10,0,0.12543992408480317
14,OOA,honest,0.3076923076923077,0,True,attacked,29,10,14,0.41239386917537213
15,OOA,reference,0.36363636363636365,15,True,trusted_reference,3,10,0,0.16035308155197167
20,OOA,reference,0.5454545454545454,7,False,trusted_reference,14,10,13,0.5740321155001283
14,OOA,reference,0.3333333333333333,14,True,trusted_reference,24,10,0,0.38116001787982273
3,OOA,honest,0.28,0,True,attacked,4,11,3,0.22160333502916024
6,OOA,honest,0.3333333333333333,0,True,attacked,19,11,6,0.2362145628015535
14,OOA,honest,0.2857142857142857,0,True,attacked,29,11,14,0.40827401237944877
3,OOA,reference,0.4166666666666667,3,True,trusted_reference,3,11,0,0.2616624645059206
32,OOA,reference,0.46153846153846156,23,True,trusted_reference,14,11,9,0.24868032921184063
23,OOA,reference,0.3333333333333333,23,True,trusted_reference,24,11,0,0.40184840876111305
5,OOA,honest,0.3076923076923077,0,True,attacked,4,12,5,0.29822871108736543
44,OOA,honest,0.4,0,True,attacked,19,12,44,0.202150874903196
11,OOA,honest,0.2857142857142857,0,True,attacked,29,12,11,0.3829223979340617
5,OOA,reference,0.4166666666666667,5,True,trusted_reference,3,12,0,0.3120253072460424
44,OOA,reference,0.46153846153846156,44,True,trusted_reference,14,12,0,0.13345002790085847
11,OOA,reference,0.4,11,False,trusted_reference,24,12,0,0.47629033567756074
15,OOA,honest,0.3018867924528302,0,True,attacked,4,13,15,0.3426322692353361
0,OOA,honest,0.4,0,True,attacked,19,13,0,0.302409928702566
39,OOA,honest,0.3333333333333333,10,True,attacked,29,13,29,0.37065538962183653
15,OOA,reference,0.4166666666666667,15,True,trusted_reference,3,13,0,0.34059917545984747
0,OOA,reference,0.46153846153846156,0,True,trusted_reference,14,13,0,0.21122497520988218
45,OOA,reference,0.27586206896551724,29,True,trusted_reference,24,13,16,0.06601072555840737
25,OOA,honest,0.3728813559322034,0,True,attacked,4,14,25,0.42878725788235367
33,OOA,honest,0.4,0,True,attacked,19,14,33,0.4051568650642573
0,OOA,honest,0.3333333333333333,0,True,attacked,29,14,0,0.37612114091469984
25,OOA,reference,0.38461538461538464,25,True,trusted_reference,3,14,0,0.3197717952473103
33,OOA,reference,0.4642857142857143,33,True,trusted_reference,14,14,0,0.25445983628336466
1,OOA,reference,0.27586206896551724,1,True,trusted_reference,24,14,0,0.12850318655810236
21,OOA,malicious,0.34375,0,True,attacked,4,15,21,0.043156399025414544
17,OOA,malicious,0.27906976744186046,0,True,attacked,19,15,17,0.0
11,OOA,malicious,0.2608695652173913,0,True,attacked,29,15,11,0.0
21,OOA,reference,0.3448275862068966,21,True,trusted_reference,3,15,0,0.10417440681031012
17,OOA,reference,0.4827586206896552,17,True,trusted_reference,14,15,0,0.3827348479095201
15,OOA,reference,0.25806451612903225,15,True,trusted_reference,24,15,0,0.1566929620494517
0,OOA,honest,0.34375,0,True,attacked,4,16,0,0.12325588552245313
37,OOA,honest,0.28,0,True,attacked,19,16,37,0.04763500639597747
16,OOA,honest,0.32,0,True,attacked,29,16,16,0.14123507184974637
0,OOA,reference,0.3448275862068966,0,True,trusted_reference,3,16,0,0.15354587313015533
37,OOA,reference,0.4918032786885246,37,True,trusted_reference,14,16,0,0.4443691043493346
23,OOA,reference,0.22857142857142856,23,True,trusted_reference,24,16,0,0.0333210356536906
0,OOA,honest,0.34375,0,True,attacked,4,17,0,0.19154463390600202
22,OOA,honest,0.2641509433962264,0,True,attacked,19,17,22,0.05456198113207544
24,OOA,honest,0.2857142857142857,0,True,attacked,29,17,24,0.06633485553604604
0,OOA,reference,0.3448275862068966,0,True,trusted_reference,3,17,0,0.2067778916268796
36,OOA,reference,0.49230769230769234,22,False,trusted_reference,14,17,14,0.4607436382548231
24,OOA,reference,0.24390243902439024,24,True,trusted_reference,24,17,0,0.01612487468499732
2,OOA,honest,0.3333333333333333,0,True,attacked,4,18,2,0.18454362061394092
0,OOA,honest,0.2641509433962264,0,True,attacked,19,18,0,0.10575816320754713
9,OOA,honest,0.25806451612903225,0,True,attacked,29,18,9,0.06436243698392352
2,OOA,reference,0.3448275862068966,2,True,trusted_reference,3,18,0,0.29865158069027437
49,OOA,reference,0.49230769230769234,0,False,trusted_reference,14,18,49,0.4707661926996144
44,OOA,reference,0.19047619047619047,44,True,trusted_reference,24,18,0,0.0
0,OOA,honest,0.3333333333333333,0,True,attacked,4,19,0,0.27587437410083104
0,OOA,honest,0.2641509433962264,0,True,attacked,19,19,0,0.15988429242452823
41,OOA,honest,0.3783783783783784,0,True,attacked,29,19,41,0.21119898549798843
0,OOA,reference,0.3448275862068966,0,True,trusted_reference,3,19,0,0.3359596883313379
19,OOA,reference,0.49230769230769234,0,False,trusted_reference,14,19,19,0.5143831267305033
60,OOA,reference,0.17073170731707318,60,True,trusted_reference,24,19,0,0.0
24,OOA,honest,0.3380281690140845,0,True,attacked,4,20,24,0.3215011048972401
0,OOA,honest,0.2641509433962264,0,True,attacked,19,20,0,0.215446095740849
11,OOA,honest,0.43902439024390244,0,True,attacked,29,20,11,0.3419525950828153
24,OOA,reference,0.3125,24,True,trusted_reference,3,20,0,0.08803202214899707
25,OOA,reference,0.5070422535211268,0,False,trusted_reference,14,20,25,0.49794116173560155
36,OOA,reference,0.1590909090909091,36,True,trusted_reference,24,20,0,0.0
16,OOA,malicious,0.2962962962962963,0,True,attacked,4,21,16,0.0
0,OOA,malicious,0.2641509433962264,0,True,attacked,19,21,0,0.2717113793658461
39,OOA,malicious,0.4,0,True,attacked,29,21,39,0.20732811724686565
16,OOA,reference,0.3125,16,True,trusted_reference,3,21,0,0.11017733920816561
5,OOA,reference,0.5,0,False,trusted_reference,14,21,5,0.536735957982839
44,OOA,reference,0.14432989690721648,44,True,trusted_reference,24,21,0,0.0
34,OOA,honest,0.32941176470588235,0,True,attacked,4,22,34,0.11812684294122192
0,OOA,honest,0.2641509433962264,0,True,attacked,19,22,0,0.3086013683420948
9,OOA,honest,0.425531914893617,0,True,attacked,29,22,9,0.37819314495579964
34,OOA,reference,0.3111111111111111,34,True,trusted_reference,3,22,0,0.008691821702259975
17,OOA,reference,0.5066666666666667,0,False,trusted_reference,14,22,17,0.5579700930958016
26,OOA,reference,0.13725490196078433,26,True,trusted_reference,24,22,0,0.0
54,OOA,honest,0.3673469387755102,0,True,attacked,4,23,54,0.16708674326574421
0,OOA,honest,0.2641509433962264,0,True,attacked,19,23,0,0.32060146294045655
0,OOA,honest,0.425531914893617,0,True,attacked,29,23,0,0.4134787261347248
54,OOA,reference,0.2153846153846154,54,True,trusted_reference,3,23,0,0.0
6,OOA,reference,0.5066666666666667,0,False,trusted_reference,14,23,6,0.5675753456169427
6,OOA,reference,0.13592233009708737,6,True,trusted_reference,24,23,0,0.05179261776127923
25,OOA,honest,0.38,0,True,attacked,4,24,25,0.27250682183654956
0,OOA,honest,0.2641509433962264,0,True,attacked,19,24,0,0.3264815092936539
3,OOA,honest,0.425531914893617,0,True,attacked,29,24,3,0.44527266091239814
25,OOA,reference,0.2,25,True,trusted_reference,3,24,0,0.0
32,OOA,reference,0.5060240963855421,0,False,trusted_reference,14,24,32,0.4932947967442225
35,OOA,reference,0.12844036697247707,35,True,trusted_reference,24,24,0,0.0
14,OOA,honest,0.39215686274509803,0,True,attacked,4,25,14,0.3761583426999093
11,OOA,honest,0.2909090909090909,0,True,attacked,19,25,11,0.40520169493058916
20,OOA,honest,0.44,0,False,attacked,29,25,20,0.47321950326680423
14,OOA,reference,0.1891891891891892,14,True,trusted_reference,3,25,0,0.01471772502187628
29,OOA,reference,0.5057471264367817,14,False,trusted_reference,14,25,15,0.5021425233639142
32,OOA,reference,0.12173913043478261,32,True,trusted_reference,24,25,0,0.0
47,OOA,honest,0.40384615384615385,0,True,attacked,4,26,47,0.4112031253787368
0,OOA,honest,0.2909090909090909,0,True,attacked,19,26,0,0.3776488305159887
7,OOA,honest,0.43137254901960786,7,False,attacked,29,26,0,0.4878108899340674
47,OOA,reference,0.1414141414141414,47,True,trusted_reference,3,26,0,0.0
13,OOA,reference,0.5057471264367817,0,False,trusted_reference,14,26,13,0.5472360433448696
6,OOA,reference,0.12173913043478261,6,True,trusted_reference,24,26,0,0.03564948691397579
17,OOA,malicious,0.37168141592920356,0,True,attacked,4,27,17,0.02023752212389382
0,OOA,malicious,0.2909090909090909,0,True,attacked,19,27,0,0.36414792695283443
14,OOA,malicious,0.4074074074074074,3,True,attacked,29,27,11,0.14553632949078965
17,OOA,reference,0.1509433962264151,17,True,trusted_reference,3,27,0,0.0
39,OOA,reference,0.4943820224719101,7,False,trusted_reference,14,27,32,0.5180597431219801
33,OOA,reference,0.11764705882352941,33,True,trusted_reference,24,27,0,0.0
23,OOA,honest,0.3652173913043478,0,True,attacked,4,28,23,0.1577008695652174
0,OOA,honest,0.2909090909090909,0,True,attacked,19,28,0,0.3575324842068888
14,OOA,honest,0.39285714285714285,0,True,attacked,29,28,14,0.18778805541874088
23,OOA,reference,0.15517241379310345,23,True,trusted_reference,3,28,0,0.0
23,OOA,reference,0.4943820224719101,0,False,trusted_reference,14,28,23,0.5391499482870735
37,OOA,reference,0.12307692307692308,37,True,trusted_reference,24,28,0,0.0
37,OOA,honest,0.3709677419354839,0,True,attacked,4,29,37,0.2118439393984588
0,OOA,honest,0.2909090909090909,0,True,attacked,19,29,0,0.3542909172613755
7,OOA,honest,0.38596491228070173,0,True,attacked,29,29,7,0.22333358575167425
37,OOA,reference,0.15384615384615385,37,True,trusted_reference,3,29,0,0.0
16,OOA,reference,0.4782608695652174,0,False,trusted_reference,14,29,16,0.46708650919071315
23,OOA,reference,0.12213740458015267,23,True,trusted_reference,24,29,0,0.0466760305573668
14,OOA,honest,0.4,0,True,attacked,4,30,14,0.36137673202725895
27,OOA,honest,0.25,0,True,attacked,19,30,27,0.04064571884580087
6,OOA,honest,0.36666666666666664,0,True,attacked,29,30,6,0.11269649549469483
14,OOA,reference,0.15384615384615385,14,True,trusted_reference,3,30,0,0.001974169442152049
40,OOA,reference,0.4444444444444444,27,True,trusted_reference,14,30,13,0.1067466666666667
19,OOA,reference,0.11940298507462686,19,True,trusted_reference,24,30,0,0.06304057888788694
22,OOA,honest,0.4,0,True,attacked,4,31,22,0.19692848635300664
26,OOA,honest,0.2857142857142857,0,True,attacked,19,31,26,0.10693668794872808
12,OOA,honest,0.3870967741935484,0,True,attacked,29,31,12,0.16900463763111012
22,OOA,reference,0.15151515151515152,22,True,trusted_reference,3,31,0,0.030580385298220714
26,OOA,reference,0.4642857142857143,26,True,trusted_reference,14,31,0,0.2231506172378691
12,OOA,reference,0.14492753623188406,12,True,trusted_reference,24,31,0,0.15953868832735532
13,OOA,honest,0.39705882352941174,0,True,attacked,4,32,13,0.2314687924190609
47,OOA,honest,0.2702702702702703,0,True,attacked,19,32,47,0.09928313152859292
0,OOA,honest,0.3870967741935484,0,True,attacked,29,32,0,0.22243640147150195
13,OOA,reference,0.16296296296296298,13,True,trusted_reference,3,32,0,0.10011825986761028
47,OOA,reference,0.41935483870967744,47,True,trusted_reference,14,32,0,0.08804040978784756
0,OOA,reference,0.14492753623188406,0,True,trusted_reference,24,32,0,0.21071865293257802
13,OOA,malicious,0.375,0,True,attacked,4,33,13,0.00288999999999999
22,OOA,malicious,0.25316455696202533,0,True,attacked,19,33,22,0.0
25,OOA,malicious,0.3380281690140845,0,True,attacked,29,33,25,0.0
13,OOA,reference,0.16296296296296298,13,True,trusted_reference,3,33,0,0.17003819495052447
22,OOA,reference,0.4090909090909091,22,True,trusted_reference,14,33,0,0.11760136363636363
25,OOA,reference,0.18055555555555555,25,True,trusted_reference,24,33,0,0.2796044489568105
56,OOA,honest,0.3878787878787879,0,True,attacked,4,34,56,0.07059473354231975
0,OOA,honest,0.25316455696202533,0,True,attacked,19,34,0,0.0700139240506329
4,OOA,honest,0.3380281690140845,0,True,attacked,29,34,4,0.15776673111306744
56,OOA,reference,0.16666666666666666,56,True,trusted_reference,3,34,0,0.0
0,OOA,reference,0.4090909090909091,0,True,trusted_reference,14,34,0,0.18151666818181816
4,OOA,reference,0.18055555555555555,4,True,trusted_reference,24,34,0,0.32504784665550374
10,OOA,honest,0.38095238095238093,0,True,attacked,4,35,10,0.11004571428571422
25,OOA,honest,0.2823529411764706,0,True,attacked,19,35,25,0.15398718846694795
25,OOA,honest,0.37037037037037035,0,True,attacked,29,35,25,0.2066324462892215
10,OOA,reference,0.1643835616438356,10,True,trusted_reference,3,35,0,0.006625435494859791
25,OOA,reference,0.38848920863309355,25,True,trusted_reference,14,35,0,0.09620060751398882
25,OOA,reference,0.18055555555555555,25,True,trusted_reference,24,35,0,0.3332667624975316
26,OOA,honest,0.3953488372093023,0,True,attacked,4,36,26,0.21174830697674416
6,OOA,honest,0.2823529411764706,0,True,attacked,19,36,6,0.26462583999586325
28,OOA,honest,0.3764705882352941,0,True,attacked,29,36,28,0.27457076672410136
26,OOA,reference,0.16352201257861634,26,True,trusted_reference,3,36,0,0.0
6,OOA,reference,0.38848920863309355,6,True,trusted_reference,14,36,0,0.20465788041566746
28,OOA,reference,0.1891891891891892,28,True,trusted_reference,24,36,0,0.30019276203489653
0,OOA,honest,0.3953488372093023,0,True,attacked,4,37,0,0.26186429832558134
6,OOA,honest,0.2823529411764706,0,True,attacked,19,37,6,0.34787877924503186
54,OOA,honest,0.38202247191011235,0,True,attacked,29,37,54,0.32050395989837877
0,OOA,reference,0.16352201257861634,0,True,trusted_reference,3,37,0,0.0032162264150943504
6,OOA,reference,0.38848920863309355,6,True,trusted_reference,14,37,0,0.28684194413749003
54,OOA,reference,0.19607843137254902,54,True,trusted_reference,24,37,0,0.052555893747075116
11,OOA,honest,0.4157303370786517,0,True,attacked,4,38,11,0.3887967204129882
42,OOA,honest,0.28888888888888886,0,True,attacked,19,38,42,0.2903614562187553
7,OOA,honest,0.38202247191011235,0,True,attacked,29,38,7,0.41260243098690963
11,OOA,reference,0.15950920245398773,11,True,trusted_reference,3,38,0,0.08057660149790576
42,OOA,reference,0.38620689655172413,42,True,trusted_reference,14,38,0,0.1290048993611007
7,OOA,reference,0.2125,7,True,trusted_reference,24,38,0,0.05199185852430212
26,OOA,malicious,0.39361702127659576,0,True,attacked,4,39,26,0.0
19,OOA,malicious,0.24074074074074073,0,True,attacked,19,39,19,0.0
15,OOA,malicious,0.37362637362637363,0,True,attacked,29,39,15,0.2948537499844775
26,OOA,reference,0.14606741573033707,26,True,trusted_reference,3,39,0,0.0
19,OOA,reference,0.3783783783783784,19,True,trusted_reference,14,39,0,0.15176513514704065
15,OOA,reference,0.22085889570552147,15,True,trusted_reference,24,39,0,0.10252713572201812
12,OOA,honest,0.387434554973822,0,True,attacked,4,40,12,0.14007162303664925
39,OOA,honest,0.25210084033613445,0,True,attacked,19,40,39,0.009074843205574917
9,OOA,honest,0.37362637362637363,0,True,attacked,29,40,9,0.37365016566422204
12,OOA,reference,0.1452513966480447,12,True,trusted_reference,3,40,0,0.0
39,OOA,reference,0.37333333333333335,39,True,trusted_reference,14,40,0,0.1857053433809161
9,OOA,reference,0.2155688622754491,9,True,trusted_reference,24,40,0,0.022369210669569928
26,OOA,honest,0.39378238341968913,0,True,attacked,4,41,26,0.23281523125084774
27,OOA,honest,0.27906976744186046,0,True,attacked,19,41,27,0.07911049471020128
7,OOA,honest,0.3870967741935484,0,True,attacked,29,41,7,0.40725152575776813
26,OOA,reference,0.143646408839779,26,True,trusted_reference,3,41,0,0.0
27,OOA,reference,0.37662337662337664,27,True,trusted_reference,14,41,0,0.2519078851621571
7,OOA,reference,0.2155688622754491,7,True,trusted_reference,24,41,0,0.10443311718691604
59,OOA,honest,0.3917525773195876,0,True,attacked,4,42,59,0.2569738009496688
0,OOA,honest,0.27906976744186046,0,True,attacked,19,42,0,0.14111046798939395
1,OOA,honest,0.3870967741935484,0,True,attacked,29,42,1,0.38906937665356434
59,OOA,reference,0.14432989690721648,59,True,trusted_reference,3,42,0,0.0
0,OOA,reference,0.37662337662337664,0,True,trusted_reference,14,42,0,0.3173371494437427
1,OOA,reference,0.22485207100591717,1,True,trusted_reference,24,42,0,0.16425416088011557
54,OOA,honest,0.3838383838383838,0,True,attacked,4,43,54,0.25064510935693407
5,OOA,honest,0.27906976744186046,0,True,attacked,19,43,5,0.2509979090368176
1,OOA,honest,0.3870967741935484,0,True,attacked,29,43,1,0.42916012359250455
54,OOA,reference,0.14634146341463414,54,True,trusted_reference,3,43,0,0.0
5,OOA,reference,0.36942675159235666,5,True,trusted_reference,14,43,0,0.17682721017589945
1,OOA,reference,0.22485207100591717,1,True,trusted_reference,24,43,0,0.2210458406064046
47,OOA,honest,0.38190954773869346,0,True,attacked,4,44,47,0.3308137305073889
0,OOA,honest,0.27906976744186046,0,True,attacked,19,44,0,0.28341530100943596
13,OOA,honest,0.4,0,False,attacked,29,44,13,0.45538523475387555
47,OOA,reference,0.13513513513513514,47,True,trusted_reference,3,44,0,0.0
0,OOA,reference,0.36942675159235666,0,True,trusted_reference,14,44,0,0.21695124381421615
13,OOA,reference,0.23391812865497075,13,True,trusted_reference,24,44,0,0.29301745307330346
0,OOA,malicious,0.38190954773869346,0,True,attacked,4,45,0,0.3742318937777662
28,OOA,malicious,0.27941176470588236,0,True,attacked,19,45,28,0.0
32,OOA,malicious,0.36893203883495146,0,True,attacked,29,45,32,0.028098334603787203
0,OOA,reference,0.13513513513513514,0,True,trusted_reference,3,45,0,0.0043789189189189365
28,OOA,reference,0.37037037037037035,28,True,trusted_reference,14,45,0,0.24486206300102523
32,OOA,reference,0.22702702702702704,32,True,trusted_reference,24,45,0,0.007770722258649734
10,OOA,honest,0.38190954773869346,0,True,attacked,4,46,10,0.44450679378025115
15,OOA,honest,0.27941176470588236,0,True,attacked,19,46,15,0.09167228037163558
35,OOA,honest,0.38095238095238093,0,True,attacked,29,46,35,0.14466532096526458
10,OOA,reference,0.14285714285714285,10,True,trusted_reference,3,46,0,0.03405341723371854
15,OOA,reference,0.36809815950920244,15,True,trusted_reference,14,46,0,0.3139011289751939
35,OOA,reference,0.22448979591836735,35,True,trusted_reference,24,46,0,0.0
17,OOA,honest,0.3880597014925373,0,False,attacked,4,47,17,0.4833675468801396
38,OOA,honest,0.3055555555555556,0,True,attacked,19,47,38,0.1470313965839018
5,OOA,honest,0.38095238095238093,0,True,attacked,29,47,5,0.2714277215586939
17,OOA,reference,0.14285714285714285,17,True,trusted_reference,3,47,0,0.09047379351511875
38,OOA,reference,0.34285714285714286,38,True,trusted_reference,14,47,0,0.047077142857142845
5,OOA,reference,0.23232323232323232,5,True,trusted_reference,24,47,0,0.06336426539157498
25,OOA,honest,0.3902439024390244,0,False,attacked,4,48,25,0.45483415654021225
32,OOA,honest,0.3129251700680272,0,True,attacked,19,48,32,0.22873773086472732
3,OOA,honest,0.38095238095238093,0,True,attacked,29,48,3,0.3541812978494742
8,OOA,reference,0.13973799126637554,8,True,trusted_reference,3,48,0,0.0
32,OOA,reference,0.3516483516483517,32,True,trusted_reference,14,48,0,0.06581576828409712
20,OOA,reference,0.22549019607843138,20,True,trusted_reference,24,48,0,0.030965171430204705
7,OOA,honest,0.3902439024390244,0,False,attacked,4,49,7,0.4788606066234032
27,OOA,honest,0.3087248322147651,0,True,attacked,19,49,27,0.2724725318635913
26,OOA,honest,0.3963963963963964,0,True,attacked,29,49,26,0.39391605303001725
0,OOA,reference,0.13973799126637554,0,True,trusted_reference,3,49,0,0.0038976146998458694
27,OOA,reference,0.34782608695652173,27,True,trusted_reference,14,49,0,0.10183057148785987
33,OOA,reference,0.2358490566037736,33,True,trusted_reference,24,49,0,0.0
41,OOA,honest,0.3902439024390244,0,False,attacked,4,50,41,0.4515095361564148
19,OOA,honest,0.32679738562091504,0,True,attacked,19,50,19,0.3845756569442559
0,OOA,honest,0.3963963963963964,0,True,attacked,29,50,0,0.41707475787660037
0,OOA,reference,0.13973799126637554,0,True,trusted_reference,3,50,0,0.05464672203261878
19,OOA,reference,0.34554973821989526,19,True,trusted_reference,14,50,0,0.10569854177237831
41,OOA,reference,0.228310502283105,41,True,trusted_reference,24,50,0,0.02038068174577891
14,OSA,base,0.6,0,False,attacked,4,1,14,0.58775
9,OSA,base,0.5,0,False,attacked,19,1,9,0.5322345173501093
5,OSA,base,0.36363636363636365,0,True,attacked,29,1,5,0.21756199959516465
8,OSA,reference,0.4,8,True,trusted_reference,3,1,0,0.43377236491588433
9,OSA,reference,0.5,9,False,trusted_reference,14,1,0,0.5467727272727272
13,OSA,reference,0.4,5,True,trusted_reference,24,1,8,0.4452338341060877
5,OSA,base,0.6666666666666666,0,False,attacked,4,2,5,0.6447974999999999
38,OSA,base,0.42857142857142855,0,True,attacked,19,2,38,0.44624676376823985
0,OSA,base,0.36363636363636365,0,True,attacked,29,2,0,0.22464537980163063
0,OSA,reference,0.4,0,True,trusted_reference,3,2,0,0.4312484588087833
48,OSA,reference,0.36363636363636365,38,True,trusted_reference,14,2,10,0.23015809259344686
0,OSA,reference,0.4,0,True,trusted_reference,24,2,0,0.4368645787119829
8,OSA,malicious,0.47058823529411764,0,True,attacked,4,3,8,0.18744999865582926
0,OSA,malicious,0.42857142857142855,0,True,attacked,19,3,0,0.447732342817866
0,OSA,malicious,0.36363636363636365,0,True,attacked,29,3,0,0.257156236102799
0,OSA,reference,0.4,0,True,trusted_reference,3,3,0,0.4300117448163038
0,OSA,reference,0.36363636363636365,0,True,trusted_reference,14,3,0,0.2172654653707889
0,OSA,reference,0.4,0,True,trusted_reference,24,3,0,0.4327636435688716
0,OSA,honest,0.47058823529411764,0,True,attacked,4,4,0,0.255974028753121
0,OSA,honest,0.42857142857142855,0,True,attacked,19,4,0,0.44846027655218285
0,OSA,honest,0.36363636363636365,0,True,attacked,29,4,0,0.3021265556903715
0,OSA,reference,0.4,0,True,trusted_reference,3,4,0,0.42940575495998884
0,OSA,reference,0.36363636363636365,0,True,trusted_reference,14,4,0,0.23998807803168654
0,OSA,reference,0.4,0,True,trusted_reference,24,4,0,0.43075418534874704
0,OSA,honest,0.47058823529411764,0,True,attacked,4,5,0,0.318590803500794
13,OSA,honest,0.4444444444444444,0,False,attacked,19,5,13,0.46377220217723625
0,OSA,honest,0.36363636363636365,0,True,attacked,29,5,0,0.35320201228828196
0,OSA,reference,0.4,0,True,trusted_reference,3,5,0,0.42910881993039446
10,OSA,reference,0.3333333333333333,10,True,trusted_reference,14,5,0,0.2866750817521511
0,OSA,reference,0.4,0,True,trusted_reference,24,5,0,0.42976955082088597
0,OSA,honest,0.47058823529411764,0,True,attacked,4,6,0,0.37831302312715365
28,OSA,honest,0.4,0,True,attacked,19,6,28,0.4262838428607593
0,OSA,honest,0.36363636363636365,0,True,attacked,29,6,0,0.38346898602125806
0,OSA,reference,0.4,0,True,trusted_reference,3,6,0,0.42896332176589325
2,OSA,reference,0.3333333333333333,2,True,trusted_reference,14,6,0,0.357828790058554
0,OSA,reference,0.4,0,True,trusted_reference,24,6,0,0.42928707990223414
31,OSA,honest,0.56,0,False,attacked,4,7,31,0.4873554645544258
0,OSA,honest,0.4,0,True,attacked,19,7,0,0.427579083001772
0,OSA,honest,0.36363636363636365,0,True,attacked,29,7,0,0.3933998031504164
31,OSA,reference,0.25,31,True,trusted_reference,3,7,0,0.05590966755016309
0,OSA,reference,0.3333333333333333,0,True,trusted_reference,14,7,0,0.38022410712869137
0,OSA,reference,0.4,0,True,trusted_reference,24,7,0,0.4290506691520947
40,OSA,honest,0.4827586206896552,34,True,attacked,4,8,6,0.23930779753283982
0,OSA,honest,0.4,0,True,attacked,19,8,0,0.4282137506708682
5,OSA,honest,0.46153846153846156,0,False,attacked,29,8,5,0.49866342761439314
0,OSA,reference,0.25,0,True,trusted_reference,3,8,0,0.10321773709957993
0,OSA,reference,0.3333333333333333,0,True,trusted_reference,14,8,0,0.38080981249305873
43,OSA,reference,0.5,5,False,trusted_reference,24,8,38,0.48483482788452636
22,OSA,honest,0.5161290322580645,0,True,attacked,4,9,22,0.30525109517077387
0,OSA,honest,0.4,0,True,attacked,19,9,0,0.42852473782872536
7,OSA,honest,0.375,7,False,attacked,29,9,0,0.4572555923515654
22,OSA,reference,0.20689655172413793,22,True,trusted_reference,3,9,0,0.0
0,OSA,reference,0.3333333333333333,0,True,trusted_reference,14,9,0,0.38109680812159874
6,OSA,reference,0.42857142857142855,6,False,trusted_reference,24,9,0,0.48382549423484644
0,OSA,honest,0.5161290322580645,0,True,attacked,4,10,0,0.3379718753433566
7,OSA,honest,0.4,0,False,attacked,19,10,7,0.4858437882027421
52,OSA,honest,0.4,0,True,attacked,29,10,52,0.41856950587108843
0,OSA,reference,0.20689655172413793,0,True,trusted_reference,3,10,0,0.049330798093537465
7,OSA,reference,0.3333333333333333,7,True,trusted_reference,14,10,0,0.420582142932422
44,OSA,reference,0.43478260869565216,44,True,trusted_reference,24,10,0,0.20394309211355305
0,OSA,honest,0.5161290322580645,0,True,attacked,4,11,0,0.3830450576279222
24,OSA,honest,0.4,4,False,attacked,19,11,20,0.4958852900715318
26,OSA,honest,0.34782608695652173,0,True,attacked,29,11,26,0.1765541963307472
0,OSA,reference,0.20689655172413793,0,True,trusted_reference,3,11,0,0.11048353934169541
0,OSA,reference,0.3333333333333333,0,True,trusted_reference,14,11,0,0.4005852500368867
26,OSA,reference,0.4444444444444444,26,True,trusted_reference,24,11,0,0.23659973832404674
0,OSA,honest,0.5161290322580645,0,True,attacked,4,12,0,0.43417091694735915
30,OSA,honest,0.32,30,True,attacked,19,12,0,0.19029254213505054
0,OSA,honest,0.34782608695652173,0,True,attacked,29,12,0,0.20365242576728343
0,OSA,reference,0.20689655172413793,0,True,trusted_reference,3,12,0,0.1694883825532928
0,OSA,reference,0.3333333333333333,0,True,trusted_reference,14,12,0,0.3907867725180745
5,OSA,reference,0.4827586206896552,5,True,trusted_reference,24,12,0,0.3119354349971737
0,OSA,honest,0.5161290322580645,0,False,attacked,4,13,0,0.48418258801388336
24,OSA,honest,0.2857142857142857,0,True,attacked,19,13,24,0.09257116982199895
33,OSA,honest,0.3333333333333333,0,True,attacked,29,13,33,0.2350264488931002
0,OSA,reference,0.20689655172413793,0,True,trusted_reference,3,13,0,0.22744075572697553
24,OSA,reference,0.42857142857142855,24,False,trusted_reference,14,13,0,0.4515184855668235
35,OSA,reference,0.45714285714285713,35,True,trusted_reference,24,13,0,0.19304630679477203
35,OSA,honest,0.48484848484848486,1,False,attacked,4,14,34,0.464329607268514
25,OSA,honest,0.2857142857142857,0,True,attacked,19,14,25,0.14957060337150963
0,OSA,honest,0.3333333333333333,0,True,attacked,29,14,0,0.28512295995761905
12,OSA,reference,0.22857142857142856,12,True,trusted_reference,3,14,0,0.25329927863024276
33,OSA,reference,0.3333333333333333,32,True,trusted_reference,14,14,1,0.15791125297748354
4,OSA,reference,0.4444444444444444,4,True,trusted_reference,24,14,0,0.2710233569961049
6,OSA,honest,0.47058823529411764,6,False,attacked,4,15,0,0.5111537802888446
16,OSA,honest,0.3333333333333333,0,True,attacked,19,15,16,0.20972826231870628
16,OSA,honest,0.30303030303030304,0,True,attacked,29,15,16,0.06744237159135459
0,OSA,reference,0.22857142857142856,0,True,trusted_reference,3,15,0,0.2805880751002475
16,OSA,reference,0.3333333333333333,16,True,trusted_reference,14,15,0,0.20062718062563353
16,OSA,reference,0.4,16,True,trusted_reference,24,15,0,0.17021877826142473
0,OSA,honest,0.47058823529411764,0,False,attacked,4,16,0,0.4947888817532985
21,OSA,honest,0.3783783783783784,0,True,attacked,19,16,21,0.2724588056182715
39,OSA,honest,0.25,0,True,attacked,29,16,39,0.0266097940075916
0,OSA,reference,0.22857142857142856,0,True,trusted_reference,3,16,0,0.2939595853705498
21,OSA,reference,0.5,21,True,trusted_reference,14,16,0,0.33474634416875493
39,OSA,reference,0.37209302325581395,39,True,trusted_reference,24,16,0,0.15088332613539251
13,OSA,honest,0.5,0,False,attacked,4,17,13,0.5450439155769686
15,OSA,honest,0.4090909090909091,0,True,attacked,19,17,15,0.22464995478638938
32,OSA,honest,0.23255813953488372,0,True,attacked,29,17,32,0.06851270128269907
0,OSA,reference,0.22857142857142856,0,True,trusted_reference,3,17,0,0.3005116254029979
15,OSA,reference,0.5,15,True,trusted_reference,14,17,0,0.4135534733485722
35,OSA,reference,0.47058823529411764,35,True,trusted_reference,24,17,0,0.3165385340101966
0,OSA,honest,0.5,0,False,attacked,4,18,0,0.5220715186327145
17,OSA,honest,0.4090909090909091,0,True,attacked,19,18,17,0.2775054252137519
43,OSA,honest,0.24,0,True,attacked,29,18,43,0.11430666666666663
0,OSA,reference,0.22857142857142856,0,True,trusted_reference,3,18,0,0.3037221250188975
17,OSA,reference,0.5,17,False,trusted_reference,14,18,0,0.46937614930922134
43,OSA,reference,0.47058823529411764,43,True,trusted_reference,24,18,0,0.34636756637752336
13,OSA,honest,0.4864864864864865,5,False,attacked,4,19,8,0.5147031522381382
28,OSA,honest,0.41509433962264153,0,True,attacked,19,19,28,0.25059620505316893
19,OSA,honest,0.21428571428571427,0,True,attacked,29,19,19,0.0
0,OSA,reference,0.22857142857142856,0,True,trusted_reference,3,19,0,0.30529526983068833
33,OSA,reference,0.42857142857142855,28,True,trusted_reference,14,19,5,0.423228936782687
19,OSA,reference,0.49056603773584906,19,True,trusted_reference,24,19,0,0.43294642235416336
7,OSA,honest,0.5128205128205128,0,False,attacked,4,20,7,0.5728961592883024
0,OSA,honest,0.41509433962264153,0,True,attacked,19,20,0,0.32436738575907165
53,OSA,honest,0.2777777777777778,0,True,attacked,29,20,53,0.013891011462714126
0,OSA,reference,0.22857142857142856,0,True,trusted_reference,3,20,0,0.3060661107884658
0,OSA,reference,0.42857142857142855,0,True,trusted_reference,14,20,0,0.43645360759494517
53,OSA,reference,0.4307692307692308,53,True,trusted_reference,24,20,0,0.07188137371290716
20,OSA,malicious,0.425531914893617,0,True,attacked,4,21,20,0.09791875317983123
24,OSA,malicious,0.41509433962264153,0,True,attacked,19,21,24,0.29071460906524343
0,OSA,malicious,0.2777777777777778,0,True,attacked,29,21,0,0.0873879289500632
17,OSA,reference,0.21621621621621623,17,True,trusted_reference,3,21,0,0.27421538269109125
24,OSA,reference,0.4666666666666667,24,False,trusted_reference,14,21,0,0.4623622677215231
16,OSA,reference,0.417910447761194,16,True,trusted_reference,24,21,0,0.14622260624294692
4,OSA,honest,0.425531914893617,0,True,attacked,4,22,4,0.22732427416450024
46,OSA,honest,0.41379310344827586,0,True,attacked,19,22,46,0.15342481282506013
8,OSA,honest,0.2777777777777778,0,True,attacked,29,22,8,0.20992835699373025
4,OSA,reference,0.21621621621621623,4,True,trusted_reference,3,22,0,0.2838643889210055
48,OSA,reference,0.3111111111111111,46,True,trusted_reference,14,22,2,0.026596800009293473
10,OSA,reference,0.417910447761194,10,True,trusted_reference,24,22,0,0.24986256959635736
3,OSA,honest,0.4489795918367347,0,True,attacked,4,23,3,0.32751129468797807
12,OSA,honest,0.41379310344827586,0,True,attacked,19,23,12,0.23968505483600355
23,OSA,honest,0.273972602739726,0,True,attacked,29,23,23,0.24551603931511834
3,OSA,reference,0.21621621621621623,3,True,trusted_reference,3,23,0,0.2948456172775581
12,OSA,reference,0.3076923076923077,12,True,trusted_reference,14,23,0,0.06510307692307697
45,OSA,reference,0.43478260869565216,45,True,trusted_reference,24,23,0,0.33118830335067484
22,OSA,honest,0.4489795918367347,0,True,attacked,4,24,22,0.38852512623384394
20,OSA,honest,0.41935483870967744,0,True,attacked,19,24,20,0.30615996749558977
18,OSA,honest,0.29333333333333333,0,True,attacked,29,24,18,0.3118768866616683
22,OSA,reference,0.21621621621621623,22,True,trusted_reference,3,24,0,0.27500612821131803
20,OSA,reference,0.2909090909090909,20,True,trusted_reference,14,24,0,0.09638909090909088
18,OSA,reference,0.43243243243243246,18,True,trusted_reference,24,24,0,0.375153016864897
20,OSA,honest,0.4230769230769231,0,True,attacked,4,25,20,0.38144946614043906
25,OSA,honest,0.45454545454545453,0,True,attacked,19,25,25,0.42613622777577975
15,OSA,honest,0.3116883116883117,0,True,attacked,29,25,15,0.3969715369546681
20,OSA,reference,0.2727272727272727,20,True,trusted_reference,3,25,0,0.033083611655247216
25,OSA,reference,0.3333333333333333,25,True,trusted_reference,14,25,0,0.21745418927370988
15,OSA,reference,0.4473684210526316,15,False,trusted_reference,24,25,0,0.4792741289624858
33,OSA,honest,0.43333333333333335,0,True,attacked,4,26,33,0.20605793071650746
0,OSA,honest,0.45454545454545453,0,False,attacked,19,26,0,0.455678751610132
27,OSA,honest,0.3076923076923077,10,True,attacked,29,26,17,0.3932802585575101
33,OSA,reference,0.2222222222222222,33,True,trusted_reference,3,26,0,0.0
0,OSA,reference,0.3333333333333333,0,True,trusted_reference,14,26,0,0.2682845527441178
27,OSA,reference,0.43037974683544306,17,False,trusted_reference,24,26,10,0.4530664776595392
28,OSA,honest,0.4307692307692308,0,True,attacked,4,27,28,0.16658949087064323
6,OSA,honest,0.4411764705882353,6,False,attacked,19,27,0,0.48402140647078284
25,OSA,honest,0.3076923076923077,25,True,attacked,29,27,0,0.3852083287517551
28,OSA,reference,0.2033898305084746,28,True,trusted_reference,3,27,0,0.0
0,OSA,reference,0.3333333333333333,0,True,trusted_reference,14,27,0,0.3222314308446177
32,OSA,reference,0.4444444444444444,0,False,trusted_reference,24,27,32,0.4665514680549391
0,OSA,honest,0.4307692307692308,0,True,attacked,4,28,0,0.21919808129584592
54,OSA,honest,0.39473684210526316,32,True,attacked,19,28,22,0.13830877873946656
2,OSA,honest,0.3076923076923077,0,True,attacked,29,28,2,0.41069438878066766
0,OSA,reference,0.2033898305084746,0,True,trusted_reference,3,28,0,0.03025460019220172
22,OSA,reference,0.3333333333333333,22,True,trusted_reference,14,28,0,0.40104484673431307
20,OSA,reference,0.42857142857142855,6,True,trusted_reference,24,28,14,0.2728374054941063
11,OSA,honest,0.463768115942029,0,True,attacked,4,29,11,0.3430903374269378
12,OSA,honest,0.43902439024390244,0,True,attacked,19,29,12,0.2662883152434692
6,OSA,honest,0.3076923076923077,0,True,attacked,29,29,6,0.403089065156967
11,OSA,reference,0.2033898305084746,11,True,trusted_reference,3,29,0,0.10123476674809471
12,OSA,reference,0.3384615384615385,12,True,trusted_reference,14,29,0,0.18178735951519803
37,OSA,reference,0.4186046511627907,37,True,trusted_reference,24,29,0,0.24794843656867832
30,OSA,honest,0.4788732394366197,0,True,attacked,4,30,30,0.4049015583726008
0,OSA,honest,0.43902439024390244,0,True,attacked,19,30,0,0.3005711281278365
28,OSA,honest,0.3170731707317073,0,True,attacked,29,30,28,0.36495018976931526
30,OSA,reference,0.16666666666666666,30,True,trusted_reference,3,30,0,0.0
0,OSA,reference,0.3384615384615385,0,True,trusted_reference,14,30,0,0.20475334462398542
30,OSA,reference,0.4175824175824176,30,True,trusted_reference,24,30,0,0.17611513316475508
15,OSA,honest,0.4788732394366197,0,False,attacked,4,31,15,0.48956357304747905
12,OSA,honest,0.4367816091954023,0,True,attacked,19,31,12,0.36418807008393783
33,OSA,honest,0.2857142857142857,0,True,attacked,29,31,33,0.06289012260368922
15,OSA,reference,0.1891891891891892,15,True,trusted_reference,3,31,0,0.04215759038753386
12,OSA,reference,0.3333333333333333,12,True,trusted_reference,14,31,0,0.25931896556795114
33,OSA,reference,0.3958333333333333,33,True,trusted_reference,24,31,0,0.11903483785707651
31,OSA,honest,0.4657534246575342,0,False,attacked,4,32,31,0.47459500139501115
16,OSA,honest,0.449438202247191,0,False,attacked,19,32,16,0.4624267409354728
13,OSA,honest,0.2857142857142857,0,True,attacked,29,32,13,0.17993627989618116
13,OSA,reference,0.1891891891891892,13,True,trusted_reference,3,32,0,0.11382646760704479
16,OSA,reference,0.3235294117647059,16,True,trusted_reference,14,32,0,0.29102229312829603
20,OSA,reference,0.37623762376237624,20,True,trusted_reference,24,32,0,0.09335908682174383
5,OSA,honest,0.4657534246575342,5,False,attacked,4,33,0,0.5066200438342403
5,OSA,honest,0.449438202247191,0,False,attacked,19,33,5,0.522007170474112
55,OSA,honest,0.27184466019417475,0,True,attacked,29,33,55,0.019232355646397525
0,OSA,reference,0.1891891891891892,0,True,trusted_reference,3,33,0,0.16808664480312757
0,OSA,reference,0.3235294117647059,0,True,trusted_reference,14,33,0,0.3399781001034532
55,OSA,reference,0.3620689655172414,55,True,trusted_reference,24,33,0,0.041395623487614164
2,OSA,honest,0.4657534246575342,0,False,attacked,4,34,2,0.4908123146294627
0,OSA,honest,0.449438202247191,0,False,attacked,19,34,0,0.49242958094804523
58,OSA,honest,0.26785714285714285,0,True,attacked,29,34,58,0.011654932745914934
0,OSA,reference,0.1891891891891892,0,True,trusted_reference,3,34,0,0.22371413162920817
0,OSA,reference,0.3235294117647059,0,True,trusted_reference,14,34,0,0.35968644552128026
58,OSA,reference,0.3308270676691729,58,True,trusted_reference,24,34,0,0.040751233410669524
24,OSA,honest,0.4657534246575342,10,False,attacked,4,35,14,0.5113357580883524
10,OSA,honest,0.46153846153846156,0,False,attacked,19,35,10,0.5453576943188205
36,OSA,honest,0.25862068965517243,0,True,attacked,29,35,36,0.07900632984334027
0,OSA,reference,0.1891891891891892,0,True,trusted_reference,3,35,0,0.25689160017398766
0,OSA,reference,0.3235294117647059,0,True,trusted_reference,14,35,0,0.3671875347760155
36,OSA,reference,0.34965034965034963,36,True,trusted_reference,24,35,0,0.10854991498932152
46,OSA,honest,0.4675324675324675,5,False,attacked,4,36,41,0.4635278264801935
12,OSA,honest,0.4631578947368421,7,False,attacked,19,36,5,0.5174582691947556
14,OSA,honest,0.25862068965517243,0,True,attacked,29,36,14,0.1805504119680643
0,OSA,reference,0.1891891891891892,0,True,trusted_reference,3,36,0,0.26805255976092957
0,OSA,reference,0.3235294117647059,0,True,trusted_reference,14,36,0,0.3708630685108358
14,OSA,reference,0.3561643835616438,14,True,trusted_reference,24,36,0,0.21709105051635666
25,OSA,honest,0.4444444444444444,0,True,attacked,4,37,25,0.23394190210657922
34,OSA,honest,0.4536082474226804,17,False,attacked,19,37,17,0.47512054756468136
18,OSA,honest,0.24793388429752067,0,True,attacked,29,37,18,0.15529399263756338
8,OSA,reference,0.18181818181818182,8,True,trusted_reference,3,37,0,0.053629154674183346
0,OSA,reference,0.3235294117647059,0,True,trusted_reference,14,37,0,0.3726640800408977
35,OSA,reference,0.36,35,True,trusted_reference,24,37,0,0.2515288299803725
5,OSA,honest,0.4444444444444444,0,True,attacked,4,38,5,0.31256886536555706
15,OSA,honest,0.45544554455445546,0,False,attacked,19,38,15,0.508599340500556
40,OSA,honest,0.23255813953488372,0,True,attacked,29,38,40,0.0
5,OSA,reference,0.18181818181818182,5,True,trusted_reference,3,38,0,0.08097773993096903
8,OSA,reference,0.30985915492957744,8,True,trusted_reference,14,38,0,0.1801016831795786
47,OSA,reference,0.35802469135802467,47,True,trusted_reference,24,38,0,0.2330378862833476
13,OSA,honest,0.47058823529411764,0,True,attacked,4,39,13,0.37662941069578953
9,OSA,honest,0.45544554455445546,0,False,attacked,19,39,9,0.534813136791267
38,OSA,honest,0.22556390977443608,0,True,attacked,29,39,38,0.047242593984962375
13,OSA,reference,0.18181818181818182,13,True,trusted_reference,3,39,0,0.11753630029176795
0,OSA,reference,0.30985915492957744,0,True,trusted_reference,14,39,0,0.19160869799743002
47,OSA,reference,0.3411764705882353,47,True,trusted_reference,24,39,0,0.03548529369075504
28,OSA,honest,0.4827586206896552,0,True,attacked,4,40,28,0.42078411611209166
11,OSA,honest,0.45098039215686275,0,False,attacked,19,40,11,0.5244648650551388
21,OSA,honest,0.22857142857142856,0,True,attacked,29,40,21,0.025059773543224126
28,OSA,reference,0.15730337078651685,28,True,trusted_reference,3,40,0,0.0
0,OSA,reference,0.30985915492957744,0,True,trusted_reference,14,40,0,0.22628713525817729
32,OSA,reference,0.3372093023255814,32,True,trusted_reference,24,40,0,0.07535067665889604
13,OSA,honest,0.4827586206896552,0,False,attacked,4,41,13,0.48840159620526974
26,OSA,honest,0.4485981308411215,0,True,attacked,19,41,26,0.2994879785777526
21,OSA,honest,0.25,0,True,attacked,29,41,21,0.1325688513992797
13,OSA,reference,0.15217391304347827,13,True,trusted_reference,3,41,0,0.0
17,OSA,reference,0.30985915492957744,17,True,trusted_reference,14,41,0,0.3071353589896276
30,OSA,reference,0.3448275862068966,30,True,trusted_reference,24,41,0,0.20494833761959103
9,OSA,honest,0.4772727272727273,0,False,attacked,4,42,9,0.5367727194446573
28,OSA,honest,0.45871559633027525,0,True,attacked,19,42,28,0.32252213839789423
23,OSA,honest,0.2482758620689655,0,True,attacked,29,42,23,0.18209342684081947
0,OSA,reference,0.15217391304347827,0,True,trusted_reference,3,42,0,0.03729377001633079
28,OSA,reference,0.3013698630136986,28,True,trusted_reference,14,42,0,0.3284144573945028
32,OSA,reference,0.3314917127071823,32,True,trusted_reference,24,42,0,0.07950478560960943
0,OSA,honest,0.4772727272727273,0,False,attacked,4,43,0,0.5097686325278821
26,OSA,honest,0.45528455284552843,0,True,attacked,19,43,26,0.15566577710563717
34,OSA,honest,0.25,0,True,attacked,29,43,34,0.039396017547572534
0,OSA,reference,0.15217391304347827,0,True,trusted_reference,3,43,0,0.09633707774278469
26,OSA,reference,0.3291139240506329,26,True,trusted_reference,14,43,0,0.3387198155261154
34,OSA,reference,0.3422459893048128,34,True,trusted_reference,24,43,0,0.14327551772620734
32,OSA,honest,0.4489795918367347,0,True,attacked,4,44,32,0.2345523194658406
28,OSA,honest,0.45528455284552843,0,True,attacked,19,44,28,0.22953383595151647
0,OSA,honest,0.25,0,True,attacked,29,44,0,0.10238604859831053
27,OSA,reference,0.1875,27,True,trusted_reference,3,44,0,0.1432353829936743
28,OSA,reference,0.32098765432098764,28,True,trusted_reference,14,44,0,0.34205666647605715
5,OSA,reference,0.3422459893048128,5,True,trusted_reference,24,44,0,0.24624775194410786
11,OSA,honest,0.46,0,True,attacked,4,45,11,0.3269432519228773
23,OSA,honest,0.453125,0,True,attacked,19,45,23,0.19716250034795033
26,OSA,honest,0.26582278481012656,0,True,attacked,29,45,26,0.14428078406633668
11,OSA,reference,0.1875,11,True,trusted_reference,3,45,0,0.26615146715775934
23,OSA,reference,0.3333333333333333,23,True,trusted_reference,14,45,0,0.3874930317123464
26,OSA,reference,0.3368421052631579,26,True,trusted_reference,24,45,0,0.13595997732783738
0,OSA,honest,0.46,0,True,attacked,4,46,0,0.34855419344220984
54,OSA,honest,0.44285714285714284,0,True,attacked,19,46,54,0.09126258412871231
6,OSA,honest,0.275,0,True,attacked,29,46,6,0.2606816348254163
0,OSA,reference,0.1875,0,True,trusted_reference,3,46,0,0.27334871890730206
54,OSA,reference,0.32558139534883723,54,True,trusted_reference,14,46,0,0.34227353843852615
6,OSA,reference,0.34375,6,True,trusted_reference,24,46,0,0.23689960637908825
26,OSA,honest,0.4807692307692308,0,True,attacked,4,47,26,0.4275545558353899
28,OSA,honest,0.4583333333333333,0,True,attacked,19,47,28,0.20400546335031594
6,OSA,honest,0.2839506172839506,0,True,attacked,29,47,6,0.3760978258473352
26,OSA,reference,0.1782178217821782,26,True,trusted_reference,3,47,0,0.0
28,OSA,reference,0.32967032967032966,28,True,trusted_reference,14,47,0,0.18167629480421904
6,OSA,reference,0.34375,6,True,trusted_reference,24,47,0,0.31590705712575323
16,OSA,honest,0.49056603773584906,0,False,attacked,4,48,16,0.5166642083517925
17,OSA,honest,0.4520547945205479,0,True,attacked,19,48,17,0.27832425382608156
27,OSA,honest,0.2891566265060241,0,True,attacked,29,48,27,0.3553864527528706
4,OSA,reference,0.1782178217821782,4,True,trusted_reference,3,48,0,0.017335116717626997
17,OSA,reference,0.3404255319148936,17,True,trusted_reference,14,48,0,0.23892549884807185
39,OSA,reference,0.3482587064676617,39,True,trusted_reference,24,48,0,0.3001568153914494
10,OSA,honest,0.5,0,False,attacked,4,49,10,0.5651217669088523
29,OSA,honest,0.4594594594594595,0,True,attacked,19,49,29,0.3550079244085083
21,OSA,honest,0.2976190476190476,0,True,attacked,29,49,21,0.39058259957078423
0,OSA,reference,0.1782178217821782,0,True,trusted_reference,3,49,0,0.07713527649856788
29,OSA,reference,0.32989690721649484,29,True,trusted_reference,14,49,0,0.13715913442840277
31,OSA,reference,0.34782608695652173,31,True,trusted_reference,24,49,0,0.11777603756789416
19,OSA,malicious,0.48214285714285715,0,True,attacked,4,50,19,0.18935927744660702
0,OSA,malicious,0.4594594594594595,0,True,attacked,19,50,0,0.3993776667439528
41,OSA,malicious,0.273224043715847,0,True,attacked,29,50,41,0.0
4,OSA,reference,0.1782178217821782,4,True,trusted_reference,3,50,0,0.10848971970711335
0,OSA,reference,0.32989690721649484,0,True,trusted_reference,14,50,0,0.16767655318950497
56,OSA,reference,0.3425925925925926,56,True,trusted_reference,24,50,0,0.06471984372099987
